"title","company","location","logo","link","category"
"Senior GTM Systems Engineer","Ramp","San Francisco, CA","https://s3.amazonaws.com/media.mixrank.com/hero-img/547c27dfacead1b7ccece284f629e667","https://www.linkedin.com/jobs/view/senior-gtm-systems-engineer-at-ramp-4260452203","Revenue Operations"
"GTM Engineer","Atlan","United States","https://s3.amazonaws.com/media.mixrank.com/hero-img/6af02783811b6c74cc932b8625aa3c24","https://www.linkedin.com/jobs/view/gtm-engineer-at-atlan-4237692949","Growth"
"GTM Engineer","Pendo.io","New York, NY","https://s3.amazonaws.com/media.mixrank.com/hero-img/fb7a23d4a28d2d24f573ccf210e3ddde","https://www.linkedin.com/jobs/view/sales-operations-analyst-at-pendo-io-4212577057","Growth"
"GTM Engineer - Marketing Systems","Hex","New York, NY","https://s3.amazonaws.com/media.mixrank.com/hero-img/aa7fdc62f445d049d9afd0a66069bea6","https://www.linkedin.com/jobs/view/4279725715/","Marketing"
"Lead to Opportunity Systems Engineer","OpenAI","New York, NY","https://s3.amazonaws.com/media.mixrank.com/hero-img/62938697e6b789486cc08b22e1466a77","https://www.linkedin.com/jobs/view/4270314186/","Revenue Operations"
"Principal Go-to-Market Engineer","Vimeo","New York, NY","https://s3.amazonaws.com/media.mixrank.com/hero-img/7fbc93beb9a0e979f68e72f075ce6c21","https://www.linkedin.com/jobs/view/4267325457","Field Enablement"
"Senior GTM Systems Engineer","Ramp","New York, United States","https://s3.amazonaws.com/media.mixrank.com/hero-img/547c27dfacead1b7ccece284f629e667","https://www.linkedin.com/jobs/view/senior-gtm-systems-engineer-at-ramp-4260447526","Revenue Operations"
"GTM Engineer, AI Platforms","Webflow","California, United States","https://s3.amazonaws.com/media.mixrank.com/hero-img/ea6054b6d724feaa6fb262b873b29f5e","https://www.linkedin.com/jobs/view/gtm-engineer-ai-platforms-at-webflow-4253890534","Growth"
"Founding GTM Engineer","Traba","New York, NY","https://s3.amazonaws.com/media.mixrank.com/hero-img/98bcb75cde5aefcce5b26cc8773a0c9c","https://www.linkedin.com/jobs/view/founding-gtm-engineer-at-traba-4230223307","Growth"
"GTM Engineer, Revenue Operations","Remote","United Kingdom","https://s3.amazonaws.com/media.mixrank.com/hero-img/f6d0921c93149070be62b9383cc71836","https://www.linkedin.com/jobs/view/gtm-engineer-revenue-operations-at-remote-4184837396","Revenue Operations"
"GTM Engineer","Stainless","New York, NY","https://s3.amazonaws.com/media.mixrank.com/hero-img/6580aaab6b4dfb4423b959b6953f24cb","https://www.linkedin.com/jobs/view/gtm-engineer-at-stainless-4264915477","Growth"
"GTM Tech & Business Intelligence Analyst","Benchling","San Francisco, CA","https://s3.amazonaws.com/media.mixrank.com/hero-img/e6e59849eb05e690ddd313594085400f","https://www.linkedin.com/jobs/view/gtm-tech-business-intelligence-analyst-at-benchling-4252087903","Analytics and Reporting"
"GTM Engineer, Revenue Operations","Remote","Spain","https://s3.amazonaws.com/media.mixrank.com/hero-img/f6d0921c93149070be62b9383cc71836","https://www.linkedin.com/jobs/view/gtm-engineer-revenue-operations-at-remote-4184832727","Revenue Operations"
"GTM Engineer, Revenue Operations","Remote","Slovenia","https://s3.amazonaws.com/media.mixrank.com/hero-img/f6d0921c93149070be62b9383cc71836","https://www.linkedin.com/jobs/view/gtm-engineer-revenue-operations-at-remote-4184834474","Revenue Operations"
"GTM Engineer, Revenue Operations","Remote","South Africa","https://s3.amazonaws.com/media.mixrank.com/hero-img/f6d0921c93149070be62b9383cc71836","https://www.linkedin.com/jobs/view/gtm-engineer-revenue-operations-at-remote-4184840203","Revenue Operations"
"GTM Engineer, Revenue Operations","Remote","Germany","https://s3.amazonaws.com/media.mixrank.com/hero-img/f6d0921c93149070be62b9383cc71836","https://www.linkedin.com/jobs/view/gtm-engineer-revenue-operations-at-remote-4184835460","Revenue Operations"
"GTM Engineer, Revenue Operations","Remote","Portugal","https://s3.amazonaws.com/media.mixrank.com/hero-img/f6d0921c93149070be62b9383cc71836","https://www.linkedin.com/jobs/view/gtm-engineer-revenue-operations-at-remote-4184836412","Revenue Operations"
"GTM Engineer, Revenue Operations","Remote","EMEA","https://s3.amazonaws.com/media.mixrank.com/hero-img/f6d0921c93149070be62b9383cc71836","https://www.linkedin.com/jobs/view/gtm-engineer-revenue-operations-at-remote-4229105154","Revenue Operations"
"GTM Engineer, Revenue Operations","Remote","Estonia","https://s3.amazonaws.com/media.mixrank.com/hero-img/f6d0921c93149070be62b9383cc71836","https://www.linkedin.com/jobs/view/gtm-engineer-revenue-operations-at-remote-4184835461","Revenue Operations"
"GTM Engineer","Verkada","San Mateo, CA","https://s3.amazonaws.com/media.mixrank.com/hero-img/61908751087bd997d7090407780fb6e9","https://www.linkedin.com/jobs/view/gtm-engineer-at-verkada-4277884325","Growth"
"Systems Engineer – District Channel / GTM – Focus Partners","Fortinet","Frankfurt, Hesse, Germany","https://s3.amazonaws.com/media.mixrank.com/hero-img/1611b651aa27b05f3f9f78851c2a967c","https://www.linkedin.com/jobs/view/systems-engineer-%E2%80%93-district-channel-gtm-%E2%80%93-focus-partners-at-fortinet-4252934680","Partnerships and Alliances"
"Senior Staff Systems Engineer, GTM","Fivetran","Oakland, CA","https://s3.amazonaws.com/media.mixrank.com/hero-img/72a80c187c703fc0d8cdb1d0b248678b","https://www.linkedin.com/jobs/view/senior-staff-systems-engineer-gtm-at-fivetran-4270124022","Field Enablement"
"GTM Engineer (AI & Automation)","DDN","United States","https://s3.amazonaws.com/media.mixrank.com/hero-img/dd04ac575c5d0a6b6ddadc26e1e937a3","https://www.linkedin.com/jobs/view/gtm-engineer-ai-automation-at-ddn-4208224775","Revenue Operations"
"Sales Development Operations","Bloomreach","Charlotte, NC","https://s3.amazonaws.com/media.mixrank.com/hero-img/420c6af289c807e2dc5541cd579832ec","https://www.linkedin.com/jobs/view/sales-development-representative-at-bloomreach-3955069275","Revenue Operations"
"GTM Tech & Business Intelligence Analyst","Benchling","San Francisco, CA","https://s3.amazonaws.com/media.mixrank.com/hero-img/e6e59849eb05e690ddd313594085400f","https://www.linkedin.com/jobs/view/gtm-tech-business-intelligence-analyst-at-benchling-4252087903","Analytics and Reporting"
"GTM Engineer (Sales Assist)","Clay","New York, NY","https://s3.amazonaws.com/media.mixrank.com/hero-img/84ec813883cb09c8c7f8737ec57faf6d","https://www.linkedin.com/jobs/view/gtm-engineer-sales-assist-at-clay-4214996902","Revenue Operations"
"GTM Engineer (GTM Ops)","Clay","New York, United States","https://s3.amazonaws.com/media.mixrank.com/hero-img/84ec813883cb09c8c7f8737ec57faf6d","https://www.linkedin.com/jobs/view/gtm-operations-at-clay-4264924235","Revenue Operations"
"GTM Engineer (Sales Led)","Clay","London, England, United Kingdom","https://s3.amazonaws.com/media.mixrank.com/hero-img/84ec813883cb09c8c7f8737ec57faf6d","https://www.linkedin.com/jobs/view/gtm-engineer-sales-led-at-clay-4240791449","Revenue Operations"
"GTM Engineer (Sales Led)","Clay","San Francisco, CA","https://s3.amazonaws.com/media.mixrank.com/hero-img/84ec813883cb09c8c7f8737ec57faf6d","https://www.linkedin.com/jobs/view/gtm-engineer-sales-led-at-clay-4271498608","Revenue Operations"
"GTM Engineer (Sales Assist)","Clay","San Francisco, CA","https://s3.amazonaws.com/media.mixrank.com/hero-img/84ec813883cb09c8c7f8737ec57faf6d","https://www.linkedin.com/jobs/view/gtm-engineer-sales-assist-at-clay-4271493735","Field Enablement"
"GTM Engineer (Sales Led)","Clay","New York, NY","https://s3.amazonaws.com/media.mixrank.com/hero-img/84ec813883cb09c8c7f8737ec57faf6d","https://www.linkedin.com/jobs/view/gtm-engineer-sales-led-at-clay-4210124645","Revenue Operations"
"GTM Engineer (GTM Ops)","Clay","New York, NY","https://s3.amazonaws.com/media.mixrank.com/hero-img/84ec813883cb09c8c7f8737ec57faf6d","https://www.linkedin.com/jobs/view/gtm-engineer-gtm-ops-at-clay-4272314600","Revenue Operations"
"GTM Engineer - Contract","LILT AI","San Francisco, CA","https://s3.amazonaws.com/media.mixrank.com/hero-img/626696c532f1cc68006367620e15c300","https://www.linkedin.com/jobs/view/gtm-engineer-contract-at-lilt-ai-4263509880","Growth"
"GTM Engineer","Payhawk","Barcelona, Catalonia, Spain","https://s3.amazonaws.com/media.mixrank.com/hero-img/ef7955b4a3dbc3336fe7cc1c9850e22a","https://www.linkedin.com/jobs/view/gtm-engineer-at-payhawk-4275222271","Growth"
"GTM Engineer","Payhawk","Sofia, Sofia City, Bulgaria","https://s3.amazonaws.com/media.mixrank.com/hero-img/ef7955b4a3dbc3336fe7cc1c9850e22a","https://www.linkedin.com/jobs/view/gtm-engineer-at-payhawk-4267504264","Growth"
"GTM Engineer","BVNK","Warsaw, Mazowieckie, Poland","https://s3.amazonaws.com/media.mixrank.com/hero-img/eb7aac03a5558fa9ed42a40da7b4fa28","https://www.linkedin.com/jobs/view/gtm-engineer-at-bvnk-4278312807","Growth"
"GTM / Growth Engineer","Spendesk","Paris, Île-de-France, France","https://s3.amazonaws.com/media.mixrank.com/hero-img/e244f6743e85b5ce96fa8a63a59ce370","https://www.linkedin.com/jobs/view/gtm-growth-engineer-at-spendesk-4244058421","Growth"
"GTM Engineer","Tempo Software","San Francisco, CA","https://s3.amazonaws.com/media.mixrank.com/hero-img/ed8f61e14f10c6f104209af6f6ae4789","https://www.linkedin.com/jobs/view/gtm-engineer-at-tempo-software-4278315066","Growth"
"GTM Engineer","Tempo Software","San Francisco Bay Area","https://s3.amazonaws.com/media.mixrank.com/hero-img/ed8f61e14f10c6f104209af6f6ae4789","https://www.linkedin.com/jobs/view/gtm-engineer-at-tempo-software-4271344064","Growth"
"GTM Systems Engineer","Cadence","United States","https://s3.amazonaws.com/media.mixrank.com/hero-img/d4a972b260292463c236236d7ec70353","https://www.linkedin.com/jobs/view/gtm-systems-engineer-at-cadence-4260870136","Revenue Operations"
"GTM Engineer","Torq","Tel Aviv-Yafo, Tel Aviv District, Israel","https://s3.amazonaws.com/media.mixrank.com/hero-img/e5e2105f7ec896b766cb977ed92edb2b","https://www.linkedin.com/jobs/view/gtm-engineer-at-torq-4278459258","Growth"
"GTM Engineer, Outbound","Circle","United States","https://s3.amazonaws.com/media.mixrank.com/hero-img/a2db7e8237014d6accb79d401c852372","https://www.linkedin.com/jobs/view/gtm-engineer-outbound-at-circle-4252826549","Growth"
"GTM Engineer","Limble CMMS","United States","https://s3.amazonaws.com/media.mixrank.com/hero-img/22341d0f868fd273c7810230c23643f0","https://www.linkedin.com/jobs/view/gtm-engineer-at-limble-cmms-4267509943","Growth"
"GTM Engineer","Teleport","United States","https://s3.amazonaws.com/media.mixrank.com/hero-img/1b980e691ff3e1e5a03c14b40e2c14fa","https://www.linkedin.com/jobs/view/gtm-engineer-at-teleport-4248931771","Growth"
"L3 Engineer - GTM System/F5 Application","Sampoorna Computer People","Kolkata, West Bengal, India","https://s3.amazonaws.com/media.mixrank.com/hero-img/2d3567c2f7a584a089f82e0c8c92bcf9","https://www.linkedin.com/jobs/view/l3-engineer-gtm-system-f5-application-at-sampoorna-consultants-4229376039","Revenue Operations"
"Founding GTM Engineer","Starbridge","New York, NY","https://s3.amazonaws.com/media.mixrank.com/hero-img/07eb862d20f45930fe2111c5cdd7673a","https://www.linkedin.com/jobs/view/founding-gtm-engineer-at-starbridge-4278397038","Growth"
"GTM Engineer","Toku","Mexico City, Mexico","https://s3.amazonaws.com/media.mixrank.com/hero-img/1b62902db5ec631b543b91c81922b23e","https://www.linkedin.com/jobs/view/gtm-engineer-at-toku-4277831143","Growth"
"GTM Engineer","Toku","Santiago, Santiago Metropolitan Region, Chile","https://s3.amazonaws.com/media.mixrank.com/hero-img/1b62902db5ec631b543b91c81922b23e","https://www.linkedin.com/jobs/view/gtm-engineer-at-toku-4277831145","Growth"
"GTM Engineer","Toku","Gustavo A. Madero, Mexico City, Mexico","https://s3.amazonaws.com/media.mixrank.com/hero-img/1b62902db5ec631b543b91c81922b23e","https://www.linkedin.com/jobs/view/gtm-engineer-at-toku-4277638439","Growth"
"Senior GTM Systems Engineer","NexHealth","Salt Lake City Metropolitan Area","https://s3.amazonaws.com/media.mixrank.com/hero-img/c5a28c18d9974e1f6b46f2fe9cfefa1c","https://www.linkedin.com/jobs/view/senior-gtm-systems-engineer-at-nexhealth-4264265021","Revenue Operations"
"GTM Engineer","Meister","Berlin, Germany","https://s3.amazonaws.com/media.mixrank.com/hero-img/55754c162d5cab9f3d34ca3e7c3534e1","https://www.linkedin.com/jobs/view/gtm-engineer-at-meister-4254857435","Growth"
"GTM Engineer","Teramind","United States","https://s3.amazonaws.com/media.mixrank.com/hero-img/be76f8f86422c6dd1795aaa60b536d53","https://www.linkedin.com/jobs/view/gtm-engineer-at-teramind-4275515914","Growth"
"GTM Engineer","Verity","United States","https://s3.amazonaws.com/media.mixrank.com/hero-img/9d5fd8287c919414e6d50494f3a1d245","https://www.linkedin.com/jobs/view/gtm-engineer-at-verity-4271617039","Growth"
"GTM Engineer","Teramind","Greater Montreal Metropolitan Area","https://s3.amazonaws.com/media.mixrank.com/hero-img/be76f8f86422c6dd1795aaa60b536d53","https://www.linkedin.com/jobs/view/gtm-engineer-at-teramind-4277846014","Growth"
"GTM Engineer","Relinns Technologies","Sahibzada Ajit Singh Nagar, Punjab, India","https://s3.amazonaws.com/media.mixrank.com/hero-img/b4dc0ad04fc6db484d5cd298fef04924","https://www.linkedin.com/jobs/view/gtm-engineer-at-relinns-technologies-4197216914","Growth"
"GTM Engineer (Fully Remote)","Virtual Internships","Mexico City, Mexico","https://s3.amazonaws.com/media.mixrank.com/hero-img/285a03b4d789004fe952f7136f7328d5","https://www.linkedin.com/jobs/view/gtm-engineer-fully-remote-at-virtual-internships-4272000105","Growth"
"Growth Specialist","Gravitee","London, United Kingdom","https://s3.amazonaws.com/media.mixrank.com/hero-img/4f401fb0dcbcecfc1695ee841047e269","https://www.linkedin.com/jobs/search/?currentJobId=4253302470&f_C=64960162&geoId=92000000&origin=COMPANY_PAGE_JOBS_CLUSTER_EXPANSION&originToLandingJobPostings=4253302470%2C4255850347%2C4258052375%2C4255847417%2C4255846419%2C4253999011%2C4258052611%2C4253960318%2C4247901908&trk=d_flagship3_company","Growth"
"GTM Engineer","Ambient.ai","Redwood City, CA","https://s3.amazonaws.com/media.mixrank.com/hero-img/8a573b899fc2e5306e0e0b96cf622693","https://www.linkedin.com/jobs/view/gtm-engineer-at-ambient-ai-4251226836","Growth"
"GTM Engineer","Onguard","Amsterdam, North Holland, Netherlands","https://s3.amazonaws.com/media.mixrank.com/hero-img/c3b458fa9b47e921e9079000db43b3fe","https://www.linkedin.com/jobs/view/gtm-engineer-at-onguard-4264362188","Growth"
"GTM Engineer","Onguard","Amsterdam, North Holland, Netherlands","https://s3.amazonaws.com/media.mixrank.com/hero-img/c3b458fa9b47e921e9079000db43b3fe","https://www.linkedin.com/jobs/view/gtm-engineer-at-onguard-4265213285","Growth"
"GTM Engineer","hackajob","New York, NY","https://s3.amazonaws.com/media.mixrank.com/hero-img/616a09d85a9d54807834d5116c70db6d","https://www.linkedin.com/jobs/view/gtm-engineer-at-hackajob-4265373820","Growth"
"Sales Engineer – RevOps / GTM Specialist","Nue.io","San Mateo, CA","https://s3.amazonaws.com/media.mixrank.com/hero-img/bc041b0ec19722216025152795ef2a2d","https://www.linkedin.com/jobs/view/sales-engineer-%E2%80%93-revops-gtm-specialist-at-nue-io-4277466307","Revenue Operations"
"GTM Engineer","PostPilot","United States","https://s3.amazonaws.com/media.mixrank.com/hero-img/ee389fc4cd14aaf60fa60d046a1f8e7a","https://www.linkedin.com/jobs/view/gtm-engineer-at-postpilot-4255210701","Growth"
"Founding Marketer (GTM Engineer)","Create","San Francisco, CA","https://s3.amazonaws.com/media.mixrank.com/hero-img/18557bbbff1370c27ba50b2978a9821c","https://www.linkedin.com/jobs/view/founding-marketer-gtm-engineer-at-create-4229632774","Marketing"
"GTM Solutions Engineer","Vapi","San Francisco, CA","https://s3.amazonaws.com/media.mixrank.com/hero-img/7de8570e2501a9d59eb4116d8df48233","https://www.linkedin.com/jobs/view/gtm-solutions-engineer-at-vapi-4230632786","Sales"
"GTM Engineer","Oso","New York, NY","https://s3.amazonaws.com/media.mixrank.com/hero-img/2c35d381ec38bc967c573f4d6f731b36","https://www.linkedin.com/jobs/view/gtm-engineer-at-oso-4278385121","Growth"
"Sales Engineer, GTM AI","HockeyStack","San Francisco, CA","https://s3.amazonaws.com/media.mixrank.com/hero-img/5cba063810dec19b910483c36897715e","https://www.linkedin.com/jobs/view/sales-engineer-gtm-ai-at-hockeystack-4274396867","Sales"
"GTM Engineer","SPOTIO","Addison, TX","https://s3.amazonaws.com/media.mixrank.com/hero-img/f4c64586df7cefbd4fced31abb1b7d3a","https://www.linkedin.com/jobs/view/gtm-engineer-at-spotio-4267291602","Revenue Operations"
"Go-To-Market (GTM) Engineer","Northbeam","Los Angeles, CA","https://s3.amazonaws.com/media.mixrank.com/hero-img/86c68cf6d494fe4eaa70419fd2c85bcf","https://www.linkedin.com/jobs/view/go-to-market-gtm-engineer-at-northbeam-4261643034","Product Management"
"GTM Engineer","unitQ","San Francisco, CA","https://s3.amazonaws.com/media.mixrank.com/hero-img/1dd6719b9ddb45d5ab3a3a4eaaaa0e8e","https://www.linkedin.com/jobs/view/gtm-engineer-at-unitq-4265506452","Growth"
"Design Engineer - Client Operations & GTM","GrowthX AI","United States","https://s3.amazonaws.com/media.mixrank.com/hero-img/bba7afb5391b8e27e65ab6fec7fa90d3","https://www.linkedin.com/jobs/view/design-engineer-client-operations-gtm-at-growthx-ai-4271486218","Customer Success"
"Design Engineer - Client Operations & GTM","GrowthX AI","Argentina","https://s3.amazonaws.com/media.mixrank.com/hero-img/bba7afb5391b8e27e65ab6fec7fa90d3","https://www.linkedin.com/jobs/view/design-engineer-client-operations-gtm-at-growthx-ai-4271482272","Customer Success"
"Design Engineer - Client Operations & GTM","GrowthX AI","Mexico","https://s3.amazonaws.com/media.mixrank.com/hero-img/bba7afb5391b8e27e65ab6fec7fa90d3","https://www.linkedin.com/jobs/view/design-engineer-client-operations-gtm-at-growthx-ai-4271486217","Customer Success"
"Design Engineer - Client Operations & GTM","GrowthX AI","Canada","https://s3.amazonaws.com/media.mixrank.com/hero-img/bba7afb5391b8e27e65ab6fec7fa90d3","https://www.linkedin.com/jobs/view/design-engineer-client-operations-gtm-at-growthx-ai-4271479928","Customer Success"
"Data Engineer, GTM","Arketa","Mexico","https://s3.amazonaws.com/media.mixrank.com/hero-img/dab99b61c78b444c243f34077b6e9212","https://www.linkedin.com/jobs/view/data-engineer-gtm-at-arketa-4279038384","Analytics and Reporting"
"GTM Engineer","Landbase","Toronto, Ontario, Canada","https://s3.amazonaws.com/media.mixrank.com/hero-img/a8ca87ebe629161e5ae18db5d5d942a1","https://www.linkedin.com/jobs/view/gtm-engineer-at-landbase-4219442749","Growth"
"Go-To-Market (GTM) Engineer","Squint","San Francisco, CA","https://s3.amazonaws.com/media.mixrank.com/hero-img/36eaeaf2396456e8fe2a5f1211b6f867","https://www.linkedin.com/jobs/view/go-to-market-gtm-engineer-at-squint-4278386994","Product Management"
"GTM Engineer – Growth Automation, Copywriting e IA","Sciensa","Greater São Paulo Area","https://s3.amazonaws.com/media.mixrank.com/hero-img/f6f07b988340f14b0c3395fff6f713c0","https://www.linkedin.com/jobs/view/gtm-engineer-%E2%80%93-growth-automation-copywriting-e-ia-at-sciensa-4233891502","Growth"
"GTM Engineer","Pump.co","San Francisco, CA","https://s3.amazonaws.com/media.mixrank.com/hero-img/1734c7b6f0c523b1fa046614f63f10bf","https://www.linkedin.com/jobs/view/gtm-engineer-at-pump-co-4209566087","Growth"
"GTM Engineer","Sur","Colombia","https://s3.amazonaws.com/media.mixrank.com/hero-img/84f94bf47fd25a9801a0fcb37eb232d8","https://www.linkedin.com/jobs/view/gtm-engineer-at-sur-latam-4257700456","Growth"
"GTM Engineer","Sur","Brazil","https://s3.amazonaws.com/media.mixrank.com/hero-img/84f94bf47fd25a9801a0fcb37eb232d8","https://www.linkedin.com/jobs/view/gtm-engineer-at-sur-latam-4257700457","Growth"
"GTM Engineer","Sur","Mexico","https://s3.amazonaws.com/media.mixrank.com/hero-img/84f94bf47fd25a9801a0fcb37eb232d8","https://www.linkedin.com/jobs/view/gtm-engineer-at-sur-latam-4257704248","Growth"
"GTM Engineer","Sur","Argentina","https://s3.amazonaws.com/media.mixrank.com/hero-img/84f94bf47fd25a9801a0fcb37eb232d8","https://www.linkedin.com/jobs/view/gtm-engineer-at-sur-latam-4257702330","Growth"
"GTM Engineer","Sur","Costa Rica","https://s3.amazonaws.com/media.mixrank.com/hero-img/84f94bf47fd25a9801a0fcb37eb232d8","https://www.linkedin.com/jobs/view/gtm-engineer-at-sur-latam-4257702331","Revenue Operations"
"GTM Engineer (AI Sales & Engineering)","VELOX Media","Boise, ID","https://s3.amazonaws.com/media.mixrank.com/hero-img/37acd7ef126ccf7a07553c553051cfcc","https://www.linkedin.com/jobs/view/gtm-engineer-ai-sales-engineering-at-velox-media-4264062160","Sales"
"Enterprise Business Development Representative","DraftWise","Brooklyn, NY","https://s3.amazonaws.com/media.mixrank.com/hero-img/d80c5e28da6beecd70672207bafcf120","https://www.linkedin.com/jobs/view/enterprise-business-development-representative-at-draftwise-4049802302","Business Development"
"GTM Engineer","Token Security","New York, NY","https://s3.amazonaws.com/media.mixrank.com/hero-img/b2f6fef61dfd9edec3ec14b5b961e4a7","https://www.linkedin.com/jobs/view/gtm-engineer-at-token-security-4268683050","Growth"
"GTM Engineer (Head of Outbound & Automation), Amsterdam","Red Panda Works","Amsterdam, North Holland, Netherlands","https://s3.amazonaws.com/media.mixrank.com/hero-img/e2d36111464fc85869a45c2a9121ffc8","https://www.linkedin.com/jobs/view/gtm-engineer-head-of-outbound-automation-amsterdam-at-red-panda-works-4267967973","Revenue Operations"
"GTM Engineer (Head of Outbound & Automation)","Red Panda Works","Amsterdam, North Holland, Netherlands","https://s3.amazonaws.com/media.mixrank.com/hero-img/e2d36111464fc85869a45c2a9121ffc8","https://www.linkedin.com/jobs/view/gtm-engineer-head-of-outbound-automation-at-red-panda-works-4263363917","Revenue Operations"
"GTM Engineer","FLiiP","Toronto, Ontario, Canada","https://s3.amazonaws.com/media.mixrank.com/hero-img/7c8792224c299d9954589e3c0678167f","https://www.linkedin.com/jobs/view/gtm-engineer-at-fliip-4270619926","Revenue Operations"
"GTM Engineer","FLiiP","Canada","https://s3.amazonaws.com/media.mixrank.com/hero-img/7c8792224c299d9954589e3c0678167f","https://www.linkedin.com/jobs/view/gtm-engineer-at-fliip-4270625126","Growth"
"GTM Engineer","FLiiP","Calgary, Alberta, Canada","https://s3.amazonaws.com/media.mixrank.com/hero-img/7c8792224c299d9954589e3c0678167f","https://www.linkedin.com/jobs/view/gtm-engineer-at-fliip-4270623750","Growth"
"GTM Engineer","FLiiP","Vancouver, British Columbia, Canada","https://s3.amazonaws.com/media.mixrank.com/hero-img/7c8792224c299d9954589e3c0678167f","https://www.linkedin.com/jobs/view/gtm-engineer-at-fliip-4270619923","Growth"
"AI Growth Engineer – GTM Infrastructure","Mozaiq","Colombia","https://s3.amazonaws.com/media.mixrank.com/hero-img/7c959682cc0664bcb4e42b9632dc537e","https://www.linkedin.com/jobs/view/ai-growth-engineer-%E2%80%93-gtm-infrastructure-at-mozaiq-4275050340","Growth"
"Growth & GTM Engineer","Copilot","New York, NY","https://s3.amazonaws.com/media.mixrank.com/hero-img/627323bd2227a1b8dad2b9b99f1f726d","https://www.linkedin.com/jobs/view/growth-gtm-engineer-at-copilot-4173169064","Growth"
"GTM Engineer","Fini","New York, NY","https://s3.amazonaws.com/media.mixrank.com/hero-img/72e83310e5b534b2d28073fe76a0b466","https://www.linkedin.com/jobs/view/gtm-engineer-at-fini-4268142518","Growth"
"GTM Engineer","Fini","Amsterdam, North Holland, Netherlands","https://s3.amazonaws.com/media.mixrank.com/hero-img/72e83310e5b534b2d28073fe76a0b466","https://www.linkedin.com/jobs/view/gtm-engineer-at-fini-4268141547","Growth"
"GTM Engineer","ai|coustics","Berlin, Berlin, Germany","https://s3.amazonaws.com/media.mixrank.com/hero-img/02eb4b471e9ab708beb92bc5b67699cd","https://www.linkedin.com/jobs/view/gtm-engineer-at-ai-coustics-4268062122","Product Management"
"(Senior) GTM Engineer / Sales Manager","Aclue GmbH","Hamburg, Hamburg, Germany","https://s3.amazonaws.com/media.mixrank.com/hero-img/463f2cd73a5f1bab734bce206e4cea77","https://www.linkedin.com/jobs/view/senior-gtm-engineer-sales-manager-at-aclue-gmbh-4271204324","Sales"
"GTM Engineer","Paramark.com","San Francisco, CA","https://s3.amazonaws.com/media.mixrank.com/hero-img/b56ad5452f9fa715c4e41e8e6e1b5475","https://www.linkedin.com/jobs/view/gtm-engineer-at-paramark-com-4244363173","Growth"
"GTM Engineer","Lightdash","United Kingdom","https://s3.amazonaws.com/media.mixrank.com/hero-img/f1fdb5747a667e1a4ae30f336dd28799","https://www.linkedin.com/jobs/view/gtm-engineer-at-lightdash-4265553140","Growth"
"GTM Engineer","Datakrew","Pune, Maharashtra, India","https://s3.amazonaws.com/media.mixrank.com/hero-img/8f13c9c221f9896f09c4624cd5a70cf6","https://www.linkedin.com/jobs/view/gtm-engineer-at-datakrew-4251614616","Growth"
"GTM Engineer","collystring","Remote","https://s3.amazonaws.com/media.mixrank.com/hero-img/bcd58eff4e2f76b3de16b87ece87e272","https://www.linkedin.com/jobs/view/4270911190/","Growth"
"GTM Engineer","LeadHQ","Amsterdam, North Holland, Netherlands","https://s3.amazonaws.com/media.mixrank.com/hero-img/95a8c0fc4f247bcc5eb1178994230e13","https://www.linkedin.com/jobs/view/engineer-at-leadhq-4260076747","Growth"
"GTM Engineer","collystring","United States","https://s3.amazonaws.com/media.mixrank.com/hero-img/bcd58eff4e2f76b3de16b87ece87e272","https://www.linkedin.com/jobs/view/gtm-engineer-at-collystring-4270911190","Growth"
"GTM Engineer","Rollstack","United Kingdom","https://s3.amazonaws.com/media.mixrank.com/hero-img/74d44048517d4a84b25a07a46ce21c13","https://www.linkedin.com/jobs/view/gtm-engineer-at-rollstack-4193930616","Growth"
"GTM Engineer","Rollstack","Netherlands","https://s3.amazonaws.com/media.mixrank.com/hero-img/74d44048517d4a84b25a07a46ce21c13","https://www.linkedin.com/jobs/view/gtm-engineer-at-rollstack-4193931575","Growth"
"GTM Engineer","Rollstack","Germany","https://s3.amazonaws.com/media.mixrank.com/hero-img/74d44048517d4a84b25a07a46ce21c13","https://www.linkedin.com/jobs/view/gtm-engineer-at-rollstack-4193930615","Growth"
"GTM Engineer","Rollstack","Canada","https://s3.amazonaws.com/media.mixrank.com/hero-img/74d44048517d4a84b25a07a46ce21c13","https://www.linkedin.com/jobs/view/gtm-engineer-at-rollstack-4193930614","Growth"
"Founding GTM Engineer","Starbridge","New York, NY","https://s3.amazonaws.com/media.mixrank.com/hero-img/47300573fabf79c8e61a2930403cfab1","https://www.linkedin.com/jobs/view/founding-gtm-engineer-at-starbridge-4275786684","Growth"
"GTM Engineer","Rollstack","United States","https://s3.amazonaws.com/media.mixrank.com/hero-img/74d44048517d4a84b25a07a46ce21c13","https://www.linkedin.com/jobs/view/gtm-engineer-at-rollstack-4193929681","Growth"
"GTM Engineer","ChipStack","San Jose, CA","https://s3.amazonaws.com/media.mixrank.com/hero-img/c18732b29a64fd9c42dc7e7ee3af96b3","https://www.linkedin.com/jobs/view/gtm-engineer-at-chipstack-4250268426","Growth"
"GTM AI Engineer / Business Systems Engineer","Pivotal Partners","United States","https://s3.amazonaws.com/media.mixrank.com/hero-img/d2fcccf0d8421c46fa0d4062bf764285","https://www.linkedin.com/jobs/view/gtm-ai-engineer-business-systems-engineer-at-pivotal-partners-4278062333","Revenue Operations"
"GTM Engineer","Maze","United Kingdom","https://s3.amazonaws.com/media.mixrank.com/hero-img/e629576e817c11e598e2d9cb12119ce8","https://www.linkedin.com/jobs/view/gtm-engineer-at-maze-4238107665","Growth"
"GTM Engineer","nRev","Pune, Maharashtra, India","https://s3.amazonaws.com/media.mixrank.com/hero-img/87d3bedf9a8381680802396e769ae1b9","https://www.linkedin.com/jobs/view/gtm-engineer-at-nrev-4274611550","Growth"
"GTM Engineer","Understory","Colombia","https://s3.amazonaws.com/media.mixrank.com/hero-img/57ef2a61428774a2d36a2f84321f1fb1","https://www.linkedin.com/jobs/view/gtm-engineer-at-understory-4263923556","Growth"
"GTM Engineer","Evallo - Tutoring Business Automation","India","https://s3.amazonaws.com/media.mixrank.com/hero-img/85c066a8ade6fde16903d21a11855a9b","https://www.linkedin.com/jobs/view/gtm-engineer-at-evallo-tutoring-business-automation-4240746232","Growth"
"Enterprise Account Executive","Gradial","Seattle, WA","https://s3.amazonaws.com/media.mixrank.com/hero-img/9314b95122586b4475f1d0b1995300e2","https://www.linkedin.com/jobs/view/4036509203","Sales"
"Technical GTM Engineer","Blynked","South Africa","https://s3.amazonaws.com/media.mixrank.com/hero-img/4f25ab2a034fc51b56d72bdecebdfd59","https://www.linkedin.com/jobs/view/technical-gtm-engineer-at-blynked-4278750701","Field Enablement"
"GTM engineer / Growth hacker","Maya","Antwerp, Flemish Region, Belgium","https://s3.amazonaws.com/media.mixrank.com/hero-img/c878725f055cc63394dd0edb60b4f63f","https://www.linkedin.com/jobs/view/gtm-engineer-growth-hacker-at-maya-4278987713","Growth"
"GTM Engineer","managed.","Philippines","https://s3.amazonaws.com/media.mixrank.com/hero-img/6183d006b1f4b45f57eeb5674ee10c80","https://www.linkedin.com/jobs/view/gtm-engineer-at-managed-4278748546","Growth"
"Go-to-Market Engineer","Saleslift Studio","Amsterdam, Netherlands","https://s3.amazonaws.com/media.mixrank.com/hero-img/b4ae73b65b5900ee4020a85dc4e57a3e","https://www.linkedin.com/jobs/view/4278539266/","Growth"
"GTM / Growth Engineer","La French Tech Taiwan","Paris, Île-de-France, France","https://s3.amazonaws.com/media.mixrank.com/hero-img/56677ff3fb904b3a5d3e2c1aafeb9d15","https://www.linkedin.com/jobs/view/gtm-growth-engineer-at-la-french-tech-taiwan-4270981685","Growth"
"GTM Engineer Intern","Reachly","Bangkok, Bangkok City, Thailand","https://s3.amazonaws.com/media.mixrank.com/hero-img/2f25e75fb3ee1b86d6f6c298e15a7a94","https://www.linkedin.com/jobs/view/gtm-engineer-intern-at-reachly-4271329043","Growth"
"Founding GTM Engineer","Langfuse (YC W23)","California, United States","https://s3.amazonaws.com/media.mixrank.com/hero-img/64fd656ac2f02092f328de8dc638c3eb","https://www.linkedin.com/jobs/view/founding-gtm-engineer-at-langfuse-4260067096","Growth"
"GTM engineer (n8n, clay, apify, scraping)","Attack Capital","Pakistan","https://s3.amazonaws.com/media.mixrank.com/hero-img/a2fab74b71aabe71704f0781ac7dd643","https://www.linkedin.com/jobs/view/gtm-engineer-n8n-clay-apify-scraping-at-attack-capital-4278318791","Growth"
"Growth Hacker - GTM Engineer","Creem","Tallinn, Harjumaa, Estonia","https://s3.amazonaws.com/media.mixrank.com/hero-img/275a62118ef0fccc64e09a723059e734","https://www.linkedin.com/jobs/view/gtm-engineer-at-creem-4263885627","Growth"
"GTM Engineer (Full-Stack)","Naptha AI","Toronto, Ontario, Canada","https://s3.amazonaws.com/media.mixrank.com/hero-img/b1c4ac02a2b2ba156eb0472ac21b16a5","https://www.linkedin.com/jobs/view/gtm-engineer-full-stack-at-naptha-ai-4193987382","Growth"
"GTM Engineer (Full-Stack)","Naptha AI","San Francisco, CA","https://s3.amazonaws.com/media.mixrank.com/hero-img/b1c4ac02a2b2ba156eb0472ac21b16a5","https://www.linkedin.com/jobs/view/gtm-engineer-full-stack-at-naptha-ai-4193990111","Growth"
"GTM Engineer (Growth Hacker / Automation Specialist) Remote","Borg Collective GmbH","Germany","https://s3.amazonaws.com/media.mixrank.com/hero-img/7d560ae9de9243cd76b00a0a26c927e7","https://www.linkedin.com/jobs/view/gtm-engineer-growth-hacker-automation-specialist-remote-at-borg-collective-gmbh-4273691710","Growth"
"GTM Engineer (Growth Hacker / Automation Specialist) Remote","Borg Collective GmbH","India","https://s3.amazonaws.com/media.mixrank.com/hero-img/7d560ae9de9243cd76b00a0a26c927e7","https://www.linkedin.com/jobs/view/gtm-engineer-growth-hacker-automation-specialist-remote-at-borg-collective-gmbh-4273697103","Growth"
"GTM Engineer (Growth Hacker / Automation Specialist) Remote","Borg Collective GmbH","Berlin, Berlin, Germany","https://s3.amazonaws.com/media.mixrank.com/hero-img/7d560ae9de9243cd76b00a0a26c927e7","https://www.linkedin.com/jobs/view/gtm-engineer-growth-hacker-automation-specialist-remote-at-borg-collective-gmbh-4273697097","Growth"
"GTM Engineer","Maple","New York, NY","https://s3.amazonaws.com/media.mixrank.com/hero-img/7d079a43900475b8796e84acc70a086b","https://www.linkedin.com/jobs/view/gtm-engineer-at-maple-4266784512","Growth"
"GTM Engineer (Growth Ops) - VIE Contract","The Revenue Architects","San Francisco Bay Area","https://s3.amazonaws.com/media.mixrank.com/hero-img/dbbc2503a8c40e1c2ffb5dc0f0caba3c","https://www.linkedin.com/jobs/view/gtm-engineer-growth-ops-vie-contract-at-the-revenue-architects-4222876060","Growth"
"GTM Engineer","Repladder","Vadodara, Gujarat, India","https://s3.amazonaws.com/media.mixrank.com/hero-img/2b0ef73cd92121f4f8150142db73a2b6","https://www.linkedin.com/jobs/view/gtm-engineer-at-repladder-4272834471","Growth"
"Founding GTM Engineer","Working Mono","City of Cape Town, Western Cape, South Africa","https://s3.amazonaws.com/media.mixrank.com/hero-img/650742cb0a4a2d5d88357d1203d75862","https://www.linkedin.com/jobs/view/founding-gtm-engineer-at-working-mono-4273856481","Growth"
"GTM Engineer","Reklāmu Eksperti","Latvia","https://s3.amazonaws.com/media.mixrank.com/hero-img/76e8a47caeb2bd021e7000af2544feb2","https://www.linkedin.com/jobs/view/gtm-engineer-at-rekl%C4%81mu-eksperti-4270831766","Growth"
"GTM Engineer","Talisman Capital","Netherlands","https://s3.amazonaws.com/media.mixrank.com/hero-img/34c9a4899954fc9ec4ca026c45ef4ac6","https://www.linkedin.com/jobs/view/gtm-engineer-at-talisman-capital-4278963941","Growth"
"GTM Solutions Engineer","Superpowered (YC W21)","San Francisco, CA","https://s3.amazonaws.com/media.mixrank.com/hero-img/b19436ca9aadc321869a1c1087338077","https://www.linkedin.com/jobs/view/gtm-solutions-engineer-at-superpowered-yc-w21-4247072649","Sales"
"GTM Engineer (Clay.com & Automation Expert)","Sympower","Remote (Europe)","https://s3.amazonaws.com/media.mixrank.com/hero-img/5995b590f7915059c93a8b97370fe448","https://careers.sympower.net/o/gtm-engineer-claycom-automation-expert","Growth"
"GTM Engineer","Insly","Barcelona, Spain","https://s3.amazonaws.com/media.mixrank.com/hero-img/cacf7dbbdac56240b7ae5b7c57e93adc","https://insly.teamdash.com/p/job/kpEtj8H0/gtm-engineer","Growth"